items,price,qty,time,message_id,email,purchase_keys__extid
"[{'id': 123, 'title': 'bytecode swag', 'price': 100, 'qty': 10, 'url': 'https://bytecode.io'}]",1000,10,"Mon, 05 Apr 2021 18:09:47 -0400",,peter.begle@bytecode.io,12345
"[{'id': 123, 'title': 'bytecode swag', 'price': 100, 'url': 'https://bytecode.io', 'qty': 56}, {'id': 654, 'title': 'socks', 'price': 1099, 'url': 'https://bytecode.io', 'qty': 24}, {'id': 456, 'title': 'pants', 'price': 2999, 'url': 'https://bytecode.io', 'qty': 53}]",190923,133,"Mon, 05 Apr 2021 21:27:59 -0400",,amanda.kuelker@bytecode.io,1f5c20d4c7b93cae58aaae69
"[{'id': 654, 'title': 'socks', 'price': 1099, 'url': 'https://bytecode.io', 'qty': 80}, {'id': 987, 'title': 'hat', 'price': 1999, 'url': 'https://bytecode.io', 'qty': 80}, {'id': 123, 'title': 'bytecode swag', 'price': 100, 'url': 'https://bytecode.io', 'qty': 88}, {'id': 321, 'title': 'cowboy hat', 'price': 5999, 'url': 'https://bytecode.io', 'qty': 17}, {'id': 456, 'title': 'pants', 'price': 2999, 'url': 'https://bytecode.io', 'qty': 20}]",418603,285,"Mon, 05 Apr 2021 21:27:59 -0400",,david.kochar@bytecode.io,e600e4388de2572e8c810160
"[{'id': 654, 'title': 'socks', 'price': 1099, 'url': 'https://bytecode.io', 'qty': 77}, {'id': 456, 'title': 'pants', 'price': 2999, 'url': 'https://bytecode.io', 'qty': 90}, {'id': 789, 'title': 'dress', 'price': 3999, 'url': 'https://bytecode.io', 'qty': 78}, {'id': 987, 'title': 'hat', 'price': 1999, 'url': 'https://bytecode.io', 'qty': 43}, {'id': 321, 'title': 'cowboy hat', 'price': 5999, 'url': 'https://bytecode.io', 'qty': 21}, {'id': 123, 'title': 'bytecode swag', 'price': 100, 'url': 'https://bytecode.io', 'qty': 88}]",887191,397,"Mon, 05 Apr 2021 21:27:58 -0400",,cynthia.homan@bytecode.io,dfc3a50e35f33d4ba8430154
"[{'id': 987, 'title': 'hat', 'price': 1999, 'url': 'https://bytecode.io', 'qty': 3}, {'id': 789, 'title': 'dress', 'price': 3999, 'url': 'https://bytecode.io', 'qty': 84}, {'id': 456, 'title': 'pants', 'price': 2999, 'url': 'https://bytecode.io', 'qty': 100}, {'id': 654, 'title': 'socks', 'price': 1099, 'url': 'https://bytecode.io', 'qty': 50}]",696763,237,"Mon, 05 Apr 2021 21:27:58 -0400",,peter.begle@bytecode.io,78e26061530a200eb40b8a9b
"[{'id': 789, 'title': 'dress', 'price': 3999, 'url': 'https://bytecode.io', 'qty': 94}]",375906,94,"Mon, 05 Apr 2021 21:27:58 -0400",,mark.doucette@bytecode.io,b716de6f5ae642048dcf76e3
"[{'id': 456, 'title': 'pants', 'price': 2999, 'url': 'https://bytecode.io', 'qty': 18}, {'id': 321, 'title': 'cowboy hat', 'price': 5999, 'url': 'https://bytecode.io', 'qty': 29}]",227953,47,"Mon, 05 Apr 2021 21:27:57 -0400",,john.marshall@bytecode.io,7c4e309986033ce63b999e28
"[{'id': 789, 'title': 'dress', 'price': 3999, 'url': 'https://bytecode.io', 'qty': 62}, {'id': 123, 'title': 'bytecode swag', 'price': 100, 'url': 'https://bytecode.io', 'qty': 88}, {'id': 456, 'title': 'pants', 'price': 2999, 'url': 'https://bytecode.io', 'qty': 22}, {'id': 654, 'title': 'socks', 'price': 1099, 'url': 'https://bytecode.io', 'qty': 78}]",408438,250,"Mon, 05 Apr 2021 21:27:57 -0400",,kevin.koshinski@bytecode.io,6c99e39dab80cb372c18ee9c
"[{'id': 456, 'title': 'pants', 'price': 2999, 'url': 'https://bytecode.io', 'qty': 16}, {'id': 789, 'title': 'dress', 'price': 3999, 'url': 'https://bytecode.io', 'qty': 44}]",223940,60,"Mon, 05 Apr 2021 21:27:57 -0400",,carolyn.cook@bytecode.io,8945a37c5a55290fb57f3db5
"[{'id': 987, 'title': 'hat', 'price': 1999, 'url': 'https://bytecode.io', 'qty': 63}, {'id': 456, 'title': 'pants', 'price': 2999, 'url': 'https://bytecode.io', 'qty': 96}, {'id': 123, 'title': 'bytecode swag', 'price': 100, 'url': 'https://bytecode.io', 'qty': 76}, {'id': 789, 'title': 'dress', 'price': 3999, 'url': 'https://bytecode.io', 'qty': 4}]",437437,239,"Mon, 05 Apr 2021 21:27:56 -0400",,aaron.pugliese@bytecode.io,081908b3bd4cfe1538d7843d
"[{'id': 123, 'title': 'bytecode swag', 'price': 100, 'url': 'https://bytecode.io', 'qty': 69}, {'id': 987, 'title': 'hat', 'price': 1999, 'url': 'https://bytecode.io', 'qty': 97}, {'id': 456, 'title': 'pants', 'price': 2999, 'url': 'https://bytecode.io', 'qty': 67}, {'id': 789, 'title': 'dress', 'price': 3999, 'url': 'https://bytecode.io', 'qty': 62}, {'id': 321, 'title': 'cowboy hat', 'price': 5999, 'url': 'https://bytecode.io', 'qty': 32}]",841642,327,"Mon, 05 Apr 2021 21:27:55 -0400",,mark.doucette@bytecode.io,fbaaa311a5f2f236af0678b8
"[{'id': 987, 'title': 'hat', 'price': 1999, 'url': 'https://bytecode.io', 'qty': 12}]",23988,12,"Mon, 05 Apr 2021 21:27:55 -0400",,john.marshall@bytecode.io,5e92a908920583e340bf7bb3
"[{'id': 987, 'title': 'hat', 'price': 1999, 'url': 'https://bytecode.io', 'qty': 71}, {'id': 456, 'title': 'pants', 'price': 2999, 'url': 'https://bytecode.io', 'qty': 77}]",372852,148,"Mon, 05 Apr 2021 21:27:55 -0400",,joyce.schiffer@bytecode.io,d32454968ef4bdf6985b7b7b
"[{'id': 789, 'title': 'dress', 'price': 3999, 'url': 'https://bytecode.io', 'qty': 41}, {'id': 654, 'title': 'socks', 'price': 1099, 'url': 'https://bytecode.io', 'qty': 58}, {'id': 987, 'title': 'hat', 'price': 1999, 'url': 'https://bytecode.io', 'qty': 2}, {'id': 321, 'title': 'cowboy hat', 'price': 5999, 'url': 'https://bytecode.io', 'qty': 10}, {'id': 123, 'title': 'bytecode swag', 'price': 100, 'url': 'https://bytecode.io', 'qty': 83}, {'id': 456, 'title': 'pants', 'price': 2999, 'url': 'https://bytecode.io', 'qty': 89}]",566900,283,"Mon, 05 Apr 2021 21:27:54 -0400",,charlie.killian@bytecode.io,2c3a123db76f0f29922b072f
"[{'id': 789, 'title': 'dress', 'price': 3999, 'url': 'https://bytecode.io', 'qty': 98}]",391902,98,"Mon, 05 Apr 2021 21:27:54 -0400",,peter.begle@bytecode.io,bbf72951134dbc95b9a0965f
"[{'id': 987, 'title': 'hat', 'price': 1999, 'url': 'https://bytecode.io', 'qty': 94}, {'id': 654, 'title': 'socks', 'price': 1099, 'url': 'https://bytecode.io', 'qty': 87}, {'id': 789, 'title': 'dress', 'price': 3999, 'url': 'https://bytecode.io', 'qty': 97}, {'id': 456, 'title': 'pants', 'price': 2999, 'url': 'https://bytecode.io', 'qty': 37}, {'id': 123, 'title': 'bytecode swag', 'price': 100, 'url': 'https://bytecode.io', 'qty': 73}, {'id': 321, 'title': 'cowboy hat', 'price': 5999, 'url': 'https://bytecode.io', 'qty': 99}]",1383586,487,"Mon, 05 Apr 2021 21:27:53 -0400",,peter.begle@bytecode.io,7c6a8866d1d335ebf9f71881
"[{'id': 456, 'title': 'pants', 'price': 2999, 'url': 'https://bytecode.io', 'qty': 100}, {'id': 321, 'title': 'cowboy hat', 'price': 5999, 'url': 'https://bytecode.io', 'qty': 29}, {'id': 987, 'title': 'hat', 'price': 1999, 'url': 'https://bytecode.io', 'qty': 25}]",523846,154,"Mon, 05 Apr 2021 21:27:53 -0400",,amanda.kuelker@bytecode.io,e86a89ffda2a3252c3623324
"[{'id': 456, 'title': 'pants', 'price': 2999, 'url': 'https://bytecode.io', 'qty': 29}, {'id': 321, 'title': 'cowboy hat', 'price': 5999, 'url': 'https://bytecode.io', 'qty': 82}, {'id': 123, 'title': 'bytecode swag', 'price': 100, 'url': 'https://bytecode.io', 'qty': 39}, {'id': 789, 'title': 'dress', 'price': 3999, 'url': 'https://bytecode.io', 'qty': 24}, {'id': 654, 'title': 'socks', 'price': 1099, 'url': 'https://bytecode.io', 'qty': 73}, {'id': 987, 'title': 'hat', 'price': 1999, 'url': 'https://bytecode.io', 'qty': 21}]",800971,268,"Mon, 05 Apr 2021 21:27:53 -0400",,aaron.pugliese@bytecode.io,569b86cd0322d7f490c6ef5c
"[{'id': 987, 'title': 'hat', 'price': 1999, 'url': 'https://bytecode.io', 'qty': 98}]",195902,98,"Mon, 05 Apr 2021 21:27:52 -0400",,carolyn.cook@bytecode.io,5e5b8dfc6b80bd90d58b3b69
"[{'id': 654, 'title': 'socks', 'price': 1099, 'url': 'https://bytecode.io', 'qty': 98}, {'id': 123, 'title': 'bytecode swag', 'price': 100, 'url': 'https://bytecode.io', 'qty': 14}]",109102,112,"Mon, 05 Apr 2021 21:27:52 -0400",,gabi.freire@bytecode.io,2e06dc00110b02c2763e19cf
"[{'id': 321, 'title': 'cowboy hat', 'price': 5999, 'url': 'https://bytecode.io', 'qty': 98}, {'id': 456, 'title': 'pants', 'price': 2999, 'url': 'https://bytecode.io', 'qty': 71}, {'id': 789, 'title': 'dress', 'price': 3999, 'url': 'https://bytecode.io', 'qty': 10}]",840821,179,"Mon, 05 Apr 2021 21:27:52 -0400",,amanda.kuelker@bytecode.io,9cd3fc6b04624278f360ae17
"[{'id': 456, 'title': 'pants', 'price': 2999, 'url': 'https://bytecode.io', 'qty': 54}, {'id': 321, 'title': 'cowboy hat', 'price': 5999, 'url': 'https://bytecode.io', 'qty': 42}]",413904,96,"Mon, 05 Apr 2021 21:27:51 -0400",,carolyn.cook@bytecode.io,ab6fa91b9938c41038ae18fe
"[{'id': 321, 'title': 'cowboy hat', 'price': 5999, 'url': 'https://bytecode.io', 'qty': 55}, {'id': 987, 'title': 'hat', 'price': 1999, 'url': 'https://bytecode.io', 'qty': 38}]",405907,93,"Mon, 05 Apr 2021 21:27:51 -0400",,chevy.williams@bytecode.io,a3e77da8a8148a29857fecea
"[{'id': 987, 'title': 'hat', 'price': 1999, 'url': 'https://bytecode.io', 'qty': 91}]",181909,91,"Mon, 05 Apr 2021 21:27:50 -0400",,gabi.freire@bytecode.io,dd6a34b37a67223be8dba236
"[{'id': 321, 'title': 'cowboy hat', 'price': 5999, 'url': 'https://bytecode.io', 'qty': 77}, {'id': 456, 'title': 'pants', 'price': 2999, 'url': 'https://bytecode.io', 'qty': 37}, {'id': 789, 'title': 'dress', 'price': 3999, 'url': 'https://bytecode.io', 'qty': 89}]",928797,203,"Mon, 05 Apr 2021 21:27:50 -0400",,john.marshall@bytecode.io,c57d1ae5034b4fb246b23515
"[{'id': 456, 'title': 'pants', 'price': 2999, 'url': 'https://bytecode.io', 'qty': 53}, {'id': 654, 'title': 'socks', 'price': 1099, 'url': 'https://bytecode.io', 'qty': 46}]",209501,99,"Mon, 05 Apr 2021 21:27:50 -0400",,amanda.kuelker@bytecode.io,f49b781c2107f8a608727c34
"[{'id': 987, 'title': 'hat', 'price': 1999, 'url': 'https://bytecode.io', 'qty': 21}, {'id': 789, 'title': 'dress', 'price': 3999, 'url': 'https://bytecode.io', 'qty': 91}, {'id': 456, 'title': 'pants', 'price': 2999, 'url': 'https://bytecode.io', 'qty': 68}, {'id': 123, 'title': 'bytecode swag', 'price': 100, 'url': 'https://bytecode.io', 'qty': 59}, {'id': 321, 'title': 'cowboy hat', 'price': 5999, 'url': 'https://bytecode.io', 'qty': 57}]",957663,296,"Mon, 05 Apr 2021 21:27:49 -0400",,carol.perkins@bytecode.io,c77df13a8d3fe553a6536807
"[{'id': 987, 'title': 'hat', 'price': 1999, 'url': 'https://bytecode.io', 'qty': 97}, {'id': 321, 'title': 'cowboy hat', 'price': 5999, 'url': 'https://bytecode.io', 'qty': 47}, {'id': 654, 'title': 'socks', 'price': 1099, 'url': 'https://bytecode.io', 'qty': 57}, {'id': 123, 'title': 'bytecode swag', 'price': 100, 'url': 'https://bytecode.io', 'qty': 96}]",548099,297,"Mon, 05 Apr 2021 21:27:49 -0400",,amanda.kuelker@bytecode.io,9b9f908c6ef797704778f24c
"[{'id': 654, 'title': 'socks', 'price': 1099, 'url': 'https://bytecode.io', 'qty': 65}, {'id': 123, 'title': 'bytecode swag', 'price': 100, 'url': 'https://bytecode.io', 'qty': 46}, {'id': 321, 'title': 'cowboy hat', 'price': 5999, 'url': 'https://bytecode.io', 'qty': 29}, {'id': 789, 'title': 'dress', 'price': 3999, 'url': 'https://bytecode.io', 'qty': 10}, {'id': 456, 'title': 'pants', 'price': 2999, 'url': 'https://bytecode.io', 'qty': 61}]",472935,211,"Mon, 05 Apr 2021 21:27:49 -0400",,amanda.kuelker@bytecode.io,30f350742a19ae49a6868525
"[{'id': 123, 'title': 'bytecode swag', 'price': 100, 'url': 'https://bytecode.io', 'qty': 87}, {'id': 789, 'title': 'dress', 'price': 3999, 'url': 'https://bytecode.io', 'qty': 3}]",20697,90,"Mon, 05 Apr 2021 21:27:48 -0400",,kevin.koshinski@bytecode.io,91c23a09ae9b47697d2345cb
"[{'id': 789, 'title': 'dress', 'price': 3999, 'url': 'https://bytecode.io', 'qty': 40}, {'id': 987, 'title': 'hat', 'price': 1999, 'url': 'https://bytecode.io', 'qty': 27}, {'id': 321, 'title': 'cowboy hat', 'price': 5999, 'url': 'https://bytecode.io', 'qty': 25}, {'id': 123, 'title': 'bytecode swag', 'price': 100, 'url': 'https://bytecode.io', 'qty': 98}, {'id': 456, 'title': 'pants', 'price': 2999, 'url': 'https://bytecode.io', 'qty': 15}, {'id': 654, 'title': 'socks', 'price': 1099, 'url': 'https://bytecode.io', 'qty': 51}]",474742,256,"Mon, 05 Apr 2021 21:27:48 -0400",,mark.doucette@bytecode.io,f1fcdaa9a08490590b2c7eee
"[{'id': 456, 'title': 'pants', 'price': 2999, 'url': 'https://bytecode.io', 'qty': 51}, {'id': 123, 'title': 'bytecode swag', 'price': 100, 'url': 'https://bytecode.io', 'qty': 8}, {'id': 654, 'title': 'socks', 'price': 1099, 'url': 'https://bytecode.io', 'qty': 26}, {'id': 789, 'title': 'dress', 'price': 3999, 'url': 'https://bytecode.io', 'qty': 80}]",502243,165,"Mon, 05 Apr 2021 21:27:47 -0400",,carol.perkins@bytecode.io,45627e54b7615b1e914cea19
"[{'id': 987, 'title': 'hat', 'price': 1999, 'url': 'https://bytecode.io', 'qty': 7}, {'id': 456, 'title': 'pants', 'price': 2999, 'url': 'https://bytecode.io', 'qty': 75}, {'id': 123, 'title': 'bytecode swag', 'price': 100, 'url': 'https://bytecode.io', 'qty': 46}, {'id': 789, 'title': 'dress', 'price': 3999, 'url': 'https://bytecode.io', 'qty': 92}, {'id': 321, 'title': 'cowboy hat', 'price': 5999, 'url': 'https://bytecode.io', 'qty': 29}, {'id': 654, 'title': 'socks', 'price': 1099, 'url': 'https://bytecode.io', 'qty': 55}]",845842,304,"Mon, 05 Apr 2021 21:27:47 -0400",,mark.doucette@bytecode.io,057190c6ed74a6b5d25544ca
"[{'id': 789, 'title': 'dress', 'price': 3999, 'url': 'https://bytecode.io', 'qty': 67}, {'id': 654, 'title': 'socks', 'price': 1099, 'url': 'https://bytecode.io', 'qty': 74}, {'id': 321, 'title': 'cowboy hat', 'price': 5999, 'url': 'https://bytecode.io', 'qty': 24}, {'id': 123, 'title': 'bytecode swag', 'price': 100, 'url': 'https://bytecode.io', 'qty': 82}, {'id': 456, 'title': 'pants', 'price': 2999, 'url': 'https://bytecode.io', 'qty': 43}, {'id': 987, 'title': 'hat', 'price': 1999, 'url': 'https://bytecode.io', 'qty': 14}]",658378,304,"Mon, 05 Apr 2021 21:27:46 -0400",,chevy.williams@bytecode.io,eff3d95293fa23d64be997ec
"[{'id': 321, 'title': 'cowboy hat', 'price': 5999, 'url': 'https://bytecode.io', 'qty': 26}, {'id': 789, 'title': 'dress', 'price': 3999, 'url': 'https://bytecode.io', 'qty': 34}, {'id': 654, 'title': 'socks', 'price': 1099, 'url': 'https://bytecode.io', 'qty': 52}, {'id': 456, 'title': 'pants', 'price': 2999, 'url': 'https://bytecode.io', 'qty': 69}, {'id': 987, 'title': 'hat', 'price': 1999, 'url': 'https://bytecode.io', 'qty': 13}, {'id': 123, 'title': 'bytecode swag', 'price': 100, 'url': 'https://bytecode.io', 'qty': 74}]",589406,268,"Mon, 05 Apr 2021 21:27:45 -0400",,charlie.killian@bytecode.io,1bc32207ecdcb26d23d4cb2b
"[{'id': 123, 'title': 'bytecode swag', 'price': 100, 'url': 'https://bytecode.io', 'qty': 65}, {'id': 321, 'title': 'cowboy hat', 'price': 5999, 'url': 'https://bytecode.io', 'qty': 7}, {'id': 789, 'title': 'dress', 'price': 3999, 'url': 'https://bytecode.io', 'qty': 31}, {'id': 456, 'title': 'pants', 'price': 2999, 'url': 'https://bytecode.io', 'qty': 25}, {'id': 987, 'title': 'hat', 'price': 1999, 'url': 'https://bytecode.io', 'qty': 19}, {'id': 654, 'title': 'socks', 'price': 1099, 'url': 'https://bytecode.io', 'qty': 35}]",323883,182,"Mon, 05 Apr 2021 21:27:45 -0400",,craig.macrae@bytecode.io,73715190875879595c9beb68
"[{'id': 654, 'title': 'socks', 'price': 1099, 'url': 'https://bytecode.io', 'qty': 58}, {'id': 456, 'title': 'pants', 'price': 2999, 'url': 'https://bytecode.io', 'qty': 93}, {'id': 789, 'title': 'dress', 'price': 3999, 'url': 'https://bytecode.io', 'qty': 83}]",674566,234,"Mon, 05 Apr 2021 21:27:45 -0400",,amanda.kuelker@bytecode.io,227e39fa084267b518b8e4ea
"[{'id': 321, 'title': 'cowboy hat', 'price': 5999, 'url': 'https://bytecode.io', 'qty': 98}]",587902,98,"Mon, 05 Apr 2021 21:27:44 -0400",,joyce.schiffer@bytecode.io,825a9dc221704bd05fca81f8
"[{'id': 123, 'title': 'bytecode swag', 'price': 100, 'url': 'https://bytecode.io', 'qty': 79}, {'id': 456, 'title': 'pants', 'price': 2999, 'url': 'https://bytecode.io', 'qty': 71}, {'id': 654, 'title': 'socks', 'price': 1099, 'url': 'https://bytecode.io', 'qty': 12}, {'id': 789, 'title': 'dress', 'price': 3999, 'url': 'https://bytecode.io', 'qty': 43}, {'id': 987, 'title': 'hat', 'price': 1999, 'url': 'https://bytecode.io', 'qty': 50}, {'id': 321, 'title': 'cowboy hat', 'price': 5999, 'url': 'https://bytecode.io', 'qty': 39}]",739885,294,"Mon, 05 Apr 2021 21:27:44 -0400",,craig.macrae@bytecode.io,09a93852fa9868584820d78c
"[{'id': 654, 'title': 'socks', 'price': 1099, 'url': 'https://bytecode.io', 'qty': 71}, {'id': 789, 'title': 'dress', 'price': 3999, 'url': 'https://bytecode.io', 'qty': 82}, {'id': 123, 'title': 'bytecode swag', 'price': 100, 'url': 'https://bytecode.io', 'qty': 98}, {'id': 987, 'title': 'hat', 'price': 1999, 'url': 'https://bytecode.io', 'qty': 87}]",589660,338,"Mon, 05 Apr 2021 21:27:43 -0400",,david.kochar@bytecode.io,eca09ddd271a7ba01ef537aa
"[{'id': 987, 'title': 'hat', 'price': 1999, 'url': 'https://bytecode.io', 'qty': 30}, {'id': 456, 'title': 'pants', 'price': 2999, 'url': 'https://bytecode.io', 'qty': 84}, {'id': 321, 'title': 'cowboy hat', 'price': 5999, 'url': 'https://bytecode.io', 'qty': 64}, {'id': 654, 'title': 'socks', 'price': 1099, 'url': 'https://bytecode.io', 'qty': 42}]",741980,220,"Mon, 05 Apr 2021 21:27:43 -0400",,chevy.williams@bytecode.io,a5fe00aeb1f39069f55052d0
"[{'id': 987, 'title': 'hat', 'price': 1999, 'url': 'https://bytecode.io', 'qty': 67}, {'id': 654, 'title': 'socks', 'price': 1099, 'url': 'https://bytecode.io', 'qty': 64}, {'id': 456, 'title': 'pants', 'price': 2999, 'url': 'https://bytecode.io', 'qty': 32}, {'id': 321, 'title': 'cowboy hat', 'price': 5999, 'url': 'https://bytecode.io', 'qty': 16}]",396221,179,"Mon, 05 Apr 2021 21:27:42 -0400",,joyce.schiffer@bytecode.io,0b2433174ac7082c8721e7ae
"[{'id': 654, 'title': 'socks', 'price': 1099, 'url': 'https://bytecode.io', 'qty': 72}, {'id': 789, 'title': 'dress', 'price': 3999, 'url': 'https://bytecode.io', 'qty': 40}]",239088,112,"Mon, 05 Apr 2021 21:27:42 -0400",,peter.begle@bytecode.io,8098080065e392e8b7ed1bff
"[{'id': 456, 'title': 'pants', 'price': 2999, 'url': 'https://bytecode.io', 'qty': 19}]",56981,19,"Mon, 05 Apr 2021 21:27:42 -0400",,amanda.kuelker@bytecode.io,30097e0bd1ea95a207c52739
"[{'id': 987, 'title': 'hat', 'price': 1999, 'url': 'https://bytecode.io', 'qty': 64}, {'id': 789, 'title': 'dress', 'price': 3999, 'url': 'https://bytecode.io', 'qty': 93}, {'id': 321, 'title': 'cowboy hat', 'price': 5999, 'url': 'https://bytecode.io', 'qty': 62}, {'id': 456, 'title': 'pants', 'price': 2999, 'url': 'https://bytecode.io', 'qty': 38}, {'id': 123, 'title': 'bytecode swag', 'price': 100, 'url': 'https://bytecode.io', 'qty': 11}]",986843,268,"Mon, 05 Apr 2021 21:27:41 -0400",,aaron.pugliese@bytecode.io,9c956e6cab1fb766b8308287
"[{'id': 654, 'title': 'socks', 'price': 1099, 'url': 'https://bytecode.io', 'qty': 35}, {'id': 456, 'title': 'pants', 'price': 2999, 'url': 'https://bytecode.io', 'qty': 51}, {'id': 123, 'title': 'bytecode swag', 'price': 100, 'url': 'https://bytecode.io', 'qty': 50}]",196414,136,"Mon, 05 Apr 2021 21:27:41 -0400",,kevin.koshinski@bytecode.io,aeaa7efcd64dfd8eeef6bd9f
"[{'id': 321, 'title': 'cowboy hat', 'price': 5999, 'url': 'https://bytecode.io', 'qty': 62}, {'id': 123, 'title': 'bytecode swag', 'price': 100, 'url': 'https://bytecode.io', 'qty': 99}, {'id': 654, 'title': 'socks', 'price': 1099, 'url': 'https://bytecode.io', 'qty': 41}]",426897,202,"Mon, 05 Apr 2021 21:27:40 -0400",,craig.macrae@bytecode.io,bc16df10f553eb78b8c0627d
"[{'id': 123, 'title': 'bytecode swag', 'price': 100, 'url': 'https://bytecode.io', 'qty': 76}, {'id': 789, 'title': 'dress', 'price': 3999, 'url': 'https://bytecode.io', 'qty': 67}, {'id': 321, 'title': 'cowboy hat', 'price': 5999, 'url': 'https://bytecode.io', 'qty': 61}, {'id': 987, 'title': 'hat', 'price': 1999, 'url': 'https://bytecode.io', 'qty': 6}, {'id': 456, 'title': 'pants', 'price': 2999, 'url': 'https://bytecode.io', 'qty': 75}]",878391,285,"Mon, 05 Apr 2021 21:27:40 -0400",,kevin.koshinski@bytecode.io,7515eb8e8c1f179684d53ed8
"[{'id': 789, 'title': 'dress', 'price': 3999, 'url': 'https://bytecode.io', 'qty': 91}, {'id': 654, 'title': 'socks', 'price': 1099, 'url': 'https://bytecode.io', 'qty': 15}]",380394,106,"Mon, 05 Apr 2021 21:27:40 -0400",,charlie.killian@bytecode.io,0dc324277b1efcf0f3c5eb3d
"[{'id': 321, 'title': 'cowboy hat', 'price': 5999, 'url': 'https://bytecode.io', 'qty': 24}, {'id': 123, 'title': 'bytecode swag', 'price': 100, 'url': 'https://bytecode.io', 'qty': 22}, {'id': 987, 'title': 'hat', 'price': 1999, 'url': 'https://bytecode.io', 'qty': 66}, {'id': 789, 'title': 'dress', 'price': 3999, 'url': 'https://bytecode.io', 'qty': 59}, {'id': 654, 'title': 'socks', 'price': 1099, 'url': 'https://bytecode.io', 'qty': 90}]",612961,261,"Mon, 05 Apr 2021 21:27:39 -0400",,david.kochar@bytecode.io,35bdc30a7932c538488aa6f5
"[{'id': 654, 'title': 'socks', 'price': 1099, 'url': 'https://bytecode.io', 'qty': 12}, {'id': 456, 'title': 'pants', 'price': 2999, 'url': 'https://bytecode.io', 'qty': 86}]",271102,98,"Mon, 05 Apr 2021 21:27:39 -0400",,john.marshall@bytecode.io,92f9c0ff441274342b956e5e
"[{'id': 321, 'title': 'cowboy hat', 'price': 5999, 'url': 'https://bytecode.io', 'qty': 39}, {'id': 654, 'title': 'socks', 'price': 1099, 'url': 'https://bytecode.io', 'qty': 62}, {'id': 456, 'title': 'pants', 'price': 2999, 'url': 'https://bytecode.io', 'qty': 90}, {'id': 123, 'title': 'bytecode swag', 'price': 100, 'url': 'https://bytecode.io', 'qty': 19}, {'id': 987, 'title': 'hat', 'price': 1999, 'url': 'https://bytecode.io', 'qty': 77}]",727832,287,"Mon, 05 Apr 2021 21:27:39 -0400",,amanda.kuelker@bytecode.io,9576fbc739ba461c37f521d1
"[{'id': 987, 'title': 'hat', 'price': 1999, 'url': 'https://bytecode.io', 'qty': 10}, {'id': 321, 'title': 'cowboy hat', 'price': 5999, 'url': 'https://bytecode.io', 'qty': 92}, {'id': 123, 'title': 'bytecode swag', 'price': 100, 'url': 'https://bytecode.io', 'qty': 90}, {'id': 456, 'title': 'pants', 'price': 2999, 'url': 'https://bytecode.io', 'qty': 36}, {'id': 654, 'title': 'socks', 'price': 1099, 'url': 'https://bytecode.io', 'qty': 48}, {'id': 789, 'title': 'dress', 'price': 3999, 'url': 'https://bytecode.io', 'qty': 85}]",1081529,361,"Mon, 05 Apr 2021 21:27:38 -0400",,cynthia.homan@bytecode.io,c8573c6c3a9091b7e0eb5200
"[{'id': 654, 'title': 'socks', 'price': 1099, 'url': 'https://bytecode.io', 'qty': 24}, {'id': 123, 'title': 'bytecode swag', 'price': 100, 'url': 'https://bytecode.io', 'qty': 64}, {'id': 789, 'title': 'dress', 'price': 3999, 'url': 'https://bytecode.io', 'qty': 41}]",196735,129,"Mon, 05 Apr 2021 21:27:37 -0400",,charlie.killian@bytecode.io,763be2946f709cfb2369d5e4
"[{'id': 123, 'title': 'bytecode swag', 'price': 100, 'url': 'https://bytecode.io', 'qty': 33}, {'id': 321, 'title': 'cowboy hat', 'price': 5999, 'url': 'https://bytecode.io', 'qty': 2}, {'id': 456, 'title': 'pants', 'price': 2999, 'url': 'https://bytecode.io', 'qty': 69}, {'id': 654, 'title': 'socks', 'price': 1099, 'url': 'https://bytecode.io', 'qty': 79}, {'id': 789, 'title': 'dress', 'price': 3999, 'url': 'https://bytecode.io', 'qty': 81}]",632969,264,"Mon, 05 Apr 2021 21:27:37 -0400",,cynthia.homan@bytecode.io,975996d202cd1a928d5910b0
"[{'id': 654, 'title': 'socks', 'price': 1099, 'url': 'https://bytecode.io', 'qty': 17}, {'id': 456, 'title': 'pants', 'price': 2999, 'url': 'https://bytecode.io', 'qty': 80}, {'id': 987, 'title': 'hat', 'price': 1999, 'url': 'https://bytecode.io', 'qty': 36}, {'id': 321, 'title': 'cowboy hat', 'price': 5999, 'url': 'https://bytecode.io', 'qty': 81}]",816486,214,"Mon, 05 Apr 2021 21:27:37 -0400",,amanda.kuelker@bytecode.io,720661224e37a8935bf8c14e
"[{'id': 456, 'title': 'pants', 'price': 2999, 'url': 'https://bytecode.io', 'qty': 46}, {'id': 987, 'title': 'hat', 'price': 1999, 'url': 'https://bytecode.io', 'qty': 36}, {'id': 123, 'title': 'bytecode swag', 'price': 100, 'url': 'https://bytecode.io', 'qty': 93}, {'id': 321, 'title': 'cowboy hat', 'price': 5999, 'url': 'https://bytecode.io', 'qty': 100}]",819118,275,"Mon, 05 Apr 2021 21:27:36 -0400",,john.marshall@bytecode.io,3e9ad6817d5b86282f21f2bb
"[{'id': 321, 'title': 'cowboy hat', 'price': 5999, 'url': 'https://bytecode.io', 'qty': 44}, {'id': 123, 'title': 'bytecode swag', 'price': 100, 'url': 'https://bytecode.io', 'qty': 79}, {'id': 456, 'title': 'pants', 'price': 2999, 'url': 'https://bytecode.io', 'qty': 71}, {'id': 987, 'title': 'hat', 'price': 1999, 'url': 'https://bytecode.io', 'qty': 8}]",500777,202,"Mon, 05 Apr 2021 21:27:35 -0400",,charlie.killian@bytecode.io,c2550f2c35a58ea5556f1d33
"[{'id': 987, 'title': 'hat', 'price': 1999, 'url': 'https://bytecode.io', 'qty': 54}, {'id': 654, 'title': 'socks', 'price': 1099, 'url': 'https://bytecode.io', 'qty': 40}, {'id': 321, 'title': 'cowboy hat', 'price': 5999, 'url': 'https://bytecode.io', 'qty': 93}]",709813,187,"Mon, 05 Apr 2021 21:27:35 -0400",,john.marshall@bytecode.io,20585e65bec2eb004b20ade0
"[{'id': 321, 'title': 'cowboy hat', 'price': 5999, 'url': 'https://bytecode.io', 'qty': 91}, {'id': 123, 'title': 'bytecode swag', 'price': 100, 'url': 'https://bytecode.io', 'qty': 23}, {'id': 456, 'title': 'pants', 'price': 2999, 'url': 'https://bytecode.io', 'qty': 98}]",842111,212,"Mon, 05 Apr 2021 21:27:35 -0400",,joyce.schiffer@bytecode.io,71e0e37fa404ece023c922e7
"[{'id': 123, 'title': 'bytecode swag', 'price': 100, 'url': 'https://bytecode.io', 'qty': 15}, {'id': 321, 'title': 'cowboy hat', 'price': 5999, 'url': 'https://bytecode.io', 'qty': 95}, {'id': 456, 'title': 'pants', 'price': 2999, 'url': 'https://bytecode.io', 'qty': 98}]",865307,208,"Mon, 05 Apr 2021 21:27:34 -0400",,scott.coleman@bytecode.io,cd4f71068cf9b289a9ecabb2
"[{'id': 987, 'title': 'hat', 'price': 1999, 'url': 'https://bytecode.io', 'qty': 33}, {'id': 123, 'title': 'bytecode swag', 'price': 100, 'url': 'https://bytecode.io', 'qty': 60}, {'id': 321, 'title': 'cowboy hat', 'price': 5999, 'url': 'https://bytecode.io', 'qty': 69}, {'id': 654, 'title': 'socks', 'price': 1099, 'url': 'https://bytecode.io', 'qty': 28}, {'id': 456, 'title': 'pants', 'price': 2999, 'url': 'https://bytecode.io', 'qty': 13}, {'id': 789, 'title': 'dress', 'price': 3999, 'url': 'https://bytecode.io', 'qty': 1}]",559656,204,"Mon, 05 Apr 2021 21:27:34 -0400",,cynthia.homan@bytecode.io,0745fc7f9fc0eaff1a97fe3b
"[{'id': 123, 'title': 'bytecode swag', 'price': 100, 'url': 'https://bytecode.io', 'qty': 29}, {'id': 987, 'title': 'hat', 'price': 1999, 'url': 'https://bytecode.io', 'qty': 25}]",52875,54,"Mon, 05 Apr 2021 21:27:33 -0400",,cynthia.homan@bytecode.io,229bf0cf36cc223e9428920c
"[{'id': 456, 'title': 'pants', 'price': 2999, 'url': 'https://bytecode.io', 'qty': 62}]",185938,62,"Mon, 05 Apr 2021 21:27:33 -0400",,chevy.williams@bytecode.io,9c3bc1e688c96ddc27401c06
"[{'id': 123, 'title': 'bytecode swag', 'price': 100, 'url': 'https://bytecode.io', 'qty': 98}, {'id': 321, 'title': 'cowboy hat', 'price': 5999, 'url': 'https://bytecode.io', 'qty': 94}, {'id': 654, 'title': 'socks', 'price': 1099, 'url': 'https://bytecode.io', 'qty': 5}, {'id': 987, 'title': 'hat', 'price': 1999, 'url': 'https://bytecode.io', 'qty': 44}]",667157,241,"Mon, 05 Apr 2021 21:27:32 -0400",,joyce.schiffer@bytecode.io,95d57ac58e87df08b2310312
"[{'id': 654, 'title': 'socks', 'price': 1099, 'url': 'https://bytecode.io', 'qty': 43}, {'id': 321, 'title': 'cowboy hat', 'price': 5999, 'url': 'https://bytecode.io', 'qty': 98}, {'id': 987, 'title': 'hat', 'price': 1999, 'url': 'https://bytecode.io', 'qty': 3}, {'id': 789, 'title': 'dress', 'price': 3999, 'url': 'https://bytecode.io', 'qty': 91}]",1005065,235,"Mon, 05 Apr 2021 21:27:32 -0400",,scott.coleman@bytecode.io,aabdcd47a1bbe8d0179c8588
"[{'id': 123, 'title': 'bytecode swag', 'price': 100, 'url': 'https://bytecode.io', 'qty': 18}, {'id': 987, 'title': 'hat', 'price': 1999, 'url': 'https://bytecode.io', 'qty': 66}]",133734,84,"Mon, 05 Apr 2021 21:27:32 -0400",,carolyn.cook@bytecode.io,3b9c9ce7f95b49a61accf1f5
"[{'id': 456, 'title': 'pants', 'price': 2999, 'url': 'https://bytecode.io', 'qty': 99}]",296901,99,"Mon, 05 Apr 2021 21:27:31 -0400",,kevin.koshinski@bytecode.io,be1f7ff1d26093a92a53b494
"[{'id': 654, 'title': 'socks', 'price': 1099, 'url': 'https://bytecode.io', 'qty': 48}, {'id': 321, 'title': 'cowboy hat', 'price': 5999, 'url': 'https://bytecode.io', 'qty': 44}]",316708,92,"Mon, 05 Apr 2021 21:27:31 -0400",,carolyn.cook@bytecode.io,908732860fb22b05080b862a
"[{'id': 123, 'title': 'bytecode swag', 'price': 100, 'url': 'https://bytecode.io', 'qty': 51}]",5100,51,"Mon, 05 Apr 2021 21:27:31 -0400",,john.marshall@bytecode.io,4cf22fbe0bc6d30e9ba70a59
"[{'id': 654, 'title': 'socks', 'price': 1099, 'url': 'https://bytecode.io', 'qty': 42}, {'id': 321, 'title': 'cowboy hat', 'price': 5999, 'url': 'https://bytecode.io', 'qty': 73}, {'id': 789, 'title': 'dress', 'price': 3999, 'url': 'https://bytecode.io', 'qty': 95}, {'id': 123, 'title': 'bytecode swag', 'price': 100, 'url': 'https://bytecode.io', 'qty': 36}, {'id': 456, 'title': 'pants', 'price': 2999, 'url': 'https://bytecode.io', 'qty': 70}]",1077520,316,"Mon, 05 Apr 2021 21:27:30 -0400",,peter.begle@bytecode.io,574d22b6cd9d9073eb4fa6df
"[{'id': 123, 'title': 'bytecode swag', 'price': 100, 'url': 'https://bytecode.io', 'qty': 68}, {'id': 456, 'title': 'pants', 'price': 2999, 'url': 'https://bytecode.io', 'qty': 1}, {'id': 789, 'title': 'dress', 'price': 3999, 'url': 'https://bytecode.io', 'qty': 49}, {'id': 654, 'title': 'socks', 'price': 1099, 'url': 'https://bytecode.io', 'qty': 34}, {'id': 987, 'title': 'hat', 'price': 1999, 'url': 'https://bytecode.io', 'qty': 33}]",309083,185,"Mon, 05 Apr 2021 21:27:30 -0400",,craig.macrae@bytecode.io,b1848b84c41b34b5b5f2f629
"[{'id': 456, 'title': 'pants', 'price': 2999, 'url': 'https://bytecode.io', 'qty': 59}]",176941,59,"Mon, 05 Apr 2021 21:27:30 -0400",,amanda.kuelker@bytecode.io,fc9b5f67de2be7bad805ad4a
"[{'id': 123, 'title': 'bytecode swag', 'price': 100, 'url': 'https://bytecode.io', 'qty': 3}]",300,3,"Mon, 05 Apr 2021 21:27:29 -0400",,charlie.killian@bytecode.io,179b53bcd8f6ceff2aa92dd3
"[{'id': 654, 'title': 'socks', 'price': 1099, 'url': 'https://bytecode.io', 'qty': 23}, {'id': 321, 'title': 'cowboy hat', 'price': 5999, 'url': 'https://bytecode.io', 'qty': 77}, {'id': 456, 'title': 'pants', 'price': 2999, 'url': 'https://bytecode.io', 'qty': 28}, {'id': 987, 'title': 'hat', 'price': 1999, 'url': 'https://bytecode.io', 'qty': 52}, {'id': 123, 'title': 'bytecode swag', 'price': 100, 'url': 'https://bytecode.io', 'qty': 100}]",685120,280,"Mon, 05 Apr 2021 21:27:29 -0400",,mark.doucette@bytecode.io,9fa9ee3f636c96d1a4d4ad7b
"[{'id': 123, 'title': 'bytecode swag', 'price': 100, 'url': 'https://bytecode.io', 'qty': 24}, {'id': 456, 'title': 'pants', 'price': 2999, 'url': 'https://bytecode.io', 'qty': 22}]",68378,46,"Mon, 05 Apr 2021 21:27:28 -0400",,joyce.schiffer@bytecode.io,94cdd72f675a45fd1c5497d9
"[{'id': 789, 'title': 'dress', 'price': 3999, 'url': 'https://bytecode.io', 'qty': 93}, {'id': 123, 'title': 'bytecode swag', 'price': 100, 'url': 'https://bytecode.io', 'qty': 67}, {'id': 654, 'title': 'socks', 'price': 1099, 'url': 'https://bytecode.io', 'qty': 21}, {'id': 321, 'title': 'cowboy hat', 'price': 5999, 'url': 'https://bytecode.io', 'qty': 25}, {'id': 456, 'title': 'pants', 'price': 2999, 'url': 'https://bytecode.io', 'qty': 87}, {'id': 987, 'title': 'hat', 'price': 1999, 'url': 'https://bytecode.io', 'qty': 40}]",892534,333,"Mon, 05 Apr 2021 21:27:28 -0400",,gabi.freire@bytecode.io,afcd246b893f24e547044a4e
"[{'id': 654, 'title': 'socks', 'price': 1099, 'url': 'https://bytecode.io', 'qty': 98}, {'id': 789, 'title': 'dress', 'price': 3999, 'url': 'https://bytecode.io', 'qty': 52}, {'id': 123, 'title': 'bytecode swag', 'price': 100, 'url': 'https://bytecode.io', 'qty': 41}, {'id': 456, 'title': 'pants', 'price': 2999, 'url': 'https://bytecode.io', 'qty': 8}, {'id': 321, 'title': 'cowboy hat', 'price': 5999, 'url': 'https://bytecode.io', 'qty': 95}, {'id': 987, 'title': 'hat', 'price': 1999, 'url': 'https://bytecode.io', 'qty': 11}]",935636,305,"Mon, 05 Apr 2021 21:27:28 -0400",,amanda.kuelker@bytecode.io,91c7356ba0a8355f795b2705
"[{'id': 456, 'title': 'pants', 'price': 2999, 'url': 'https://bytecode.io', 'qty': 86}, {'id': 123, 'title': 'bytecode swag', 'price': 100, 'url': 'https://bytecode.io', 'qty': 9}, {'id': 321, 'title': 'cowboy hat', 'price': 5999, 'url': 'https://bytecode.io', 'qty': 33}, {'id': 987, 'title': 'hat', 'price': 1999, 'url': 'https://bytecode.io', 'qty': 54}, {'id': 789, 'title': 'dress', 'price': 3999, 'url': 'https://bytecode.io', 'qty': 31}, {'id': 654, 'title': 'socks', 'price': 1099, 'url': 'https://bytecode.io', 'qty': 8}]",697488,221,"Mon, 05 Apr 2021 21:27:27 -0400",,charlie.killian@bytecode.io,5fbfc63e8f519b45131a719b
"[{'id': 987, 'title': 'hat', 'price': 1999, 'url': 'https://bytecode.io', 'qty': 45}, {'id': 654, 'title': 'socks', 'price': 1099, 'url': 'https://bytecode.io', 'qty': 10}, {'id': 123, 'title': 'bytecode swag', 'price': 100, 'url': 'https://bytecode.io', 'qty': 64}, {'id': 789, 'title': 'dress', 'price': 3999, 'url': 'https://bytecode.io', 'qty': 100}, {'id': 321, 'title': 'cowboy hat', 'price': 5999, 'url': 'https://bytecode.io', 'qty': 30}]",687215,249,"Mon, 05 Apr 2021 21:27:27 -0400",,peter.begle@bytecode.io,95570e231fffc864a9dd4837
"[{'id': 789, 'title': 'dress', 'price': 3999, 'url': 'https://bytecode.io', 'qty': 19}]",75981,19,"Mon, 05 Apr 2021 21:27:26 -0400",,kevin.koshinski@bytecode.io,6151ee82db60001efbbc3c25
"[{'id': 987, 'title': 'hat', 'price': 1999, 'url': 'https://bytecode.io', 'qty': 96}, {'id': 123, 'title': 'bytecode swag', 'price': 100, 'url': 'https://bytecode.io', 'qty': 72}, {'id': 654, 'title': 'socks', 'price': 1099, 'url': 'https://bytecode.io', 'qty': 4}, {'id': 321, 'title': 'cowboy hat', 'price': 5999, 'url': 'https://bytecode.io', 'qty': 33}, {'id': 789, 'title': 'dress', 'price': 3999, 'url': 'https://bytecode.io', 'qty': 47}, {'id': 456, 'title': 'pants', 'price': 2999, 'url': 'https://bytecode.io', 'qty': 20}]",649400,272,"Mon, 05 Apr 2021 21:27:25 -0400",,amanda.kuelker@bytecode.io,be2bc2e3e98875f677ee7e19
"[{'id': 321, 'title': 'cowboy hat', 'price': 5999, 'url': 'https://bytecode.io', 'qty': 29}, {'id': 123, 'title': 'bytecode swag', 'price': 100, 'url': 'https://bytecode.io', 'qty': 99}, {'id': 654, 'title': 'socks', 'price': 1099, 'url': 'https://bytecode.io', 'qty': 54}, {'id': 987, 'title': 'hat', 'price': 1999, 'url': 'https://bytecode.io', 'qty': 26}, {'id': 789, 'title': 'dress', 'price': 3999, 'url': 'https://bytecode.io', 'qty': 20}]",375171,228,"Mon, 05 Apr 2021 21:27:25 -0400",,cynthia.homan@bytecode.io,d4d9a9ba5da7508ac667dd9c
"[{'id': 654, 'title': 'socks', 'price': 1099, 'url': 'https://bytecode.io', 'qty': 4}, {'id': 321, 'title': 'cowboy hat', 'price': 5999, 'url': 'https://bytecode.io', 'qty': 17}]",106379,21,"Mon, 05 Apr 2021 21:27:24 -0400",,kevin.koshinski@bytecode.io,2bf64832bdc388cf4531d8f4
"[{'id': 456, 'title': 'pants', 'price': 2999, 'url': 'https://bytecode.io', 'qty': 79}, {'id': 987, 'title': 'hat', 'price': 1999, 'url': 'https://bytecode.io', 'qty': 88}]",412833,167,"Mon, 05 Apr 2021 21:27:24 -0400",,charlie.killian@bytecode.io,baecbc579e997eec1c0a67cd
"[{'id': 789, 'title': 'dress', 'price': 3999, 'url': 'https://bytecode.io', 'qty': 91}, {'id': 456, 'title': 'pants', 'price': 2999, 'url': 'https://bytecode.io', 'qty': 16}, {'id': 123, 'title': 'bytecode swag', 'price': 100, 'url': 'https://bytecode.io', 'qty': 22}]",414093,129,"Mon, 05 Apr 2021 21:27:24 -0400",,kevin.koshinski@bytecode.io,3a1ece6126621c408ff88cea
"[{'id': 654, 'title': 'socks', 'price': 1099, 'url': 'https://bytecode.io', 'qty': 67}, {'id': 456, 'title': 'pants', 'price': 2999, 'url': 'https://bytecode.io', 'qty': 61}, {'id': 123, 'title': 'bytecode swag', 'price': 100, 'url': 'https://bytecode.io', 'qty': 8}, {'id': 789, 'title': 'dress', 'price': 3999, 'url': 'https://bytecode.io', 'qty': 27}, {'id': 987, 'title': 'hat', 'price': 1999, 'url': 'https://bytecode.io', 'qty': 50}, {'id': 321, 'title': 'cowboy hat', 'price': 5999, 'url': 'https://bytecode.io', 'qty': 70}]",885225,283,"Mon, 05 Apr 2021 21:27:23 -0400",,carolyn.cook@bytecode.io,f2e177d9f678f73d7e8b43ae
"[{'id': 654, 'title': 'socks', 'price': 1099, 'url': 'https://bytecode.io', 'qty': 91}]",100009,91,"Mon, 05 Apr 2021 21:27:23 -0400",,mark.doucette@bytecode.io,88a007a274fb200b799c368a
"[{'id': 654, 'title': 'socks', 'price': 1099, 'url': 'https://bytecode.io', 'qty': 63}]",69237,63,"Mon, 05 Apr 2021 21:27:22 -0400",,kevin.koshinski@bytecode.io,eefa675ac6eeafc78d12f755
